{"cameraMode":{"drawMode":0,"name":"Shaded","section":"Shading Mode"},"sceneLighting":true,"audioPlay":false,"sceneViewState":{"showFog":true,"showMaterialUpdate":false,"showSkybox":true,"showFlares":true,"showImageEffects":true,"showParticleSystems":true},"in2DMode":false,"pivot":{"x":-1.9432034492492676,"y":-0.9748964309692383,"z":-798.525634765625},"rotation":{"x":0.12836547195911408,"y":-0.7827622890472412,"z":0.17201021313667298,"w":0.5841471552848816},"size":10.0,"orthographic":false}