{"cameraMode":{"drawMode":0,"name":"Shaded","section":"Shading Mode"},"sceneLighting":true,"audioPlay":false,"sceneViewState":{"showFog":true,"showMaterialUpdate":false,"showSkybox":true,"showFlares":true,"showImageEffects":true,"showParticleSystems":true},"in2DMode":false,"pivot":{"x":-62.015907287597659,"y":63.82087707519531,"z":-594.0270385742188},"rotation":{"x":-0.22725236415863038,"y":-0.452822744846344,"z":0.120621457695961,"w":-0.8540435433387756},"size":40.010372161865237,"orthographic":false}