{"cameraMode":{"drawMode":0,"name":"Shaded","section":"Shading Mode"},"sceneLighting":true,"audioPlay":false,"sceneViewState":{"showFog":true,"showMaterialUpdate":false,"showSkybox":true,"showFlares":true,"showImageEffects":true,"showParticleSystems":true},"in2DMode":false,"pivot":{"x":2.463456869125366,"y":22.315174102783204,"z":-556.0347900390625},"rotation":{"x":-0.1842821091413498,"y":-0.26013657450675967,"z":0.05088716372847557,"w":-0.9467650055885315},"size":3.9723026752471926,"orthographic":false}