{"cameraMode":{"drawMode":0,"name":"Shaded","section":"Shading Mode"},"sceneLighting":true,"audioPlay":false,"sceneViewState":{"showFog":true,"showMaterialUpdate":false,"showSkybox":true,"showFlares":true,"showImageEffects":true,"showParticleSystems":true},"in2DMode":false,"pivot":{"x":-0.4456694722175598,"y":20.863666534423829,"z":-632.6508178710938},"rotation":{"x":0.34685301780700686,"y":0.5567129254341126,"z":-0.2740798890590668,"w":0.703598141670227},"size":4.0416579246521,"orthographic":false}