{"cameraMode":{"drawMode":0,"name":"Shaded","section":"Shading Mode"},"sceneLighting":true,"audioPlay":false,"sceneViewState":{"showFog":true,"showMaterialUpdate":false,"showSkybox":true,"showFlares":true,"showImageEffects":true,"showParticleSystems":true},"in2DMode":false,"pivot":{"x":2.8407890796661379,"y":-1.2787612676620484,"z":-975.2071533203125},"rotation":{"x":-0.1334548145532608,"y":0.20418108999729157,"z":-0.02812178246676922,"w":-0.9694032669067383},"size":22.0,"orthographic":false}