{"cameraMode":{"drawMode":0,"name":"Shaded","section":"Shading Mode"},"sceneLighting":true,"audioPlay":false,"sceneViewState":{"showFog":true,"showMaterialUpdate":false,"showSkybox":true,"showFlares":true,"showImageEffects":true,"showParticleSystems":true},"in2DMode":false,"pivot":{"x":0.8771791458129883,"y":-0.8547596335411072,"z":-802.5716552734375},"rotation":{"x":-0.002541011432185769,"y":-0.9892716407775879,"z":0.1452743262052536,"w":-0.017201442271471025},"size":4.041658401489258,"orthographic":false}