{"cameraMode":{"drawMode":0,"name":"Shaded","section":"Shading Mode"},"sceneLighting":true,"audioPlay":false,"sceneViewState":{"showFog":true,"showMaterialUpdate":true,"showSkybox":true,"showFlares":true,"showImageEffects":true,"showParticleSystems":true},"in2DMode":false,"pivot":{"x":10.55982780456543,"y":-5.291710376739502,"z":-786.0284423828125},"rotation":{"x":0.21381692588329316,"y":0.21107980608940125,"z":-0.04755330830812454,"w":0.9527348279953003},"size":23.334524154663087,"orthographic":false}